"","Camera","Species","Events","Effort","X","Y","Veg_type","Loc_dist","scrub","Goats","RAIalt"
"1","C1T2P1","Bas_ast",0,89,693084,2009327,"Selva",4718,971,"no",0
"2","C1T2P1","Can_lat",0,89,693084,2009327,"Selva",4718,971,"no",0
"3","C1T2P1","Nas_nar",0,89,693084,2009327,"Selva",4718,971,"no",0
"4","C1T2P1","Syl_flo",6,89,693084,2009327,"Selva",4718,971,"no",6.74
"5","C1T2P1","Con_leu",0,89,693084,2009327,"Selva",4718,971,"no",0
"6","C1T2P1","Lin_ruf",0,89,693084,2009327,"Selva",4718,971,"no",0
"7","C1T2P1","Pro_lot",0,89,693084,2009327,"Selva",4718,971,"no",0
"8","C1T2P1","Odo_vir",7,89,693084,2009327,"Selva",4718,971,"no",7.87
"9","C1T2P1","Pec_taj",0,89,693084,2009327,"Selva",4718,971,"no",0
"10","C1T2P1","Spi_put",0,89,693084,2009327,"Selva",4718,971,"no",0
"11","C1T2P1","Mep_mac",0,89,693084,2009327,"Selva",4718,971,"no",0
"12","C1T2P1","Uro_cin",10,89,693084,2009327,"Selva",4718,971,"no",11.24
"13","C1T2P1","Can_fam",0,89,693084,2009327,"Selva",4718,971,"no",0
"14","C1T2P1","Cap_aeg",0,89,693084,2009327,"Selva",4718,971,"no",0
"15","C1T2P1","Fel_cat",0,89,693084,2009327,"Selva",4718,971,"no",0
"16","C1T2P21","Bas_ast",0,89,693961,2009940,"Selva",4655,999,"no",0
"17","C1T2P21","Can_lat",1,89,693961,2009940,"Selva",4655,999,"no",1.12
"18","C1T2P21","Nas_nar",0,89,693961,2009940,"Selva",4655,999,"no",0
"19","C1T2P21","Syl_flo",20,89,693961,2009940,"Selva",4655,999,"no",22.47
"20","C1T2P21","Con_leu",1,89,693961,2009940,"Selva",4655,999,"no",1.12
"21","C1T2P21","Lin_ruf",1,89,693961,2009940,"Selva",4655,999,"no",1.12
"22","C1T2P21","Pro_lot",0,89,693961,2009940,"Selva",4655,999,"no",0
"23","C1T2P21","Odo_vir",10,89,693961,2009940,"Selva",4655,999,"no",11.24
"24","C1T2P21","Pec_taj",5,89,693961,2009940,"Selva",4655,999,"no",5.62
"25","C1T2P21","Spi_put",0,89,693961,2009940,"Selva",4655,999,"no",0
"26","C1T2P21","Mep_mac",0,89,693961,2009940,"Selva",4655,999,"no",0
"27","C1T2P21","Uro_cin",2,89,693961,2009940,"Selva",4655,999,"no",2.25
"28","C1T2P21","Can_fam",0,89,693961,2009940,"Selva",4655,999,"no",0
"29","C1T2P21","Cap_aeg",0,89,693961,2009940,"Selva",4655,999,"no",0
"30","C1T2P21","Fel_cat",0,89,693961,2009940,"Selva",4655,999,"no",0
"31","C1T6P1","Bas_ast",0,88,692479,2010184,"Selva",4187,982,"no",0
"32","C1T6P1","Can_lat",0,88,692479,2010184,"Selva",4187,982,"no",0
"33","C1T6P1","Nas_nar",0,88,692479,2010184,"Selva",4187,982,"no",0
"34","C1T6P1","Syl_flo",12,88,692479,2010184,"Selva",4187,982,"no",13.64
"35","C1T6P1","Con_leu",2,88,692479,2010184,"Selva",4187,982,"no",2.27
"36","C1T6P1","Lin_ruf",0,88,692479,2010184,"Selva",4187,982,"no",0
"37","C1T6P1","Pro_lot",0,88,692479,2010184,"Selva",4187,982,"no",0
"38","C1T6P1","Odo_vir",7,88,692479,2010184,"Selva",4187,982,"no",7.95
"39","C1T6P1","Pec_taj",1,88,692479,2010184,"Selva",4187,982,"no",1.14
"40","C1T6P1","Spi_put",0,88,692479,2010184,"Selva",4187,982,"no",0
"41","C1T6P1","Mep_mac",2,88,692479,2010184,"Selva",4187,982,"no",2.27
"42","C1T6P1","Uro_cin",8,88,692479,2010184,"Selva",4187,982,"no",9.09
"43","C1T6P1","Can_fam",0,88,692479,2010184,"Selva",4187,982,"no",0
"44","C1T6P1","Cap_aeg",0,88,692479,2010184,"Selva",4187,982,"no",0
"45","C1T6P1","Fel_cat",0,88,692479,2010184,"Selva",4187,982,"no",0
"46","C3T3P21","Bas_ast",0,90,692934,2007423,"Selva",4233,580,"no",0
"47","C3T3P21","Can_lat",1,90,692934,2007423,"Selva",4233,580,"no",1.11
"48","C3T3P21","Nas_nar",0,90,692934,2007423,"Selva",4233,580,"no",0
"49","C3T3P21","Syl_flo",12,90,692934,2007423,"Selva",4233,580,"no",13.33
"50","C3T3P21","Con_leu",3,90,692934,2007423,"Selva",4233,580,"no",3.33
"51","C3T3P21","Lin_ruf",4,90,692934,2007423,"Selva",4233,580,"no",4.44
"52","C3T3P21","Pro_lot",0,90,692934,2007423,"Selva",4233,580,"no",0
"53","C3T3P21","Odo_vir",8,90,692934,2007423,"Selva",4233,580,"no",8.89
"54","C3T3P21","Pec_taj",3,90,692934,2007423,"Selva",4233,580,"no",3.33
"55","C3T3P21","Spi_put",1,90,692934,2007423,"Selva",4233,580,"no",1.11
"56","C3T3P21","Mep_mac",0,90,692934,2007423,"Selva",4233,580,"no",0
"57","C3T3P21","Uro_cin",1,90,692934,2007423,"Selva",4233,580,"no",1.11
"58","C3T3P21","Can_fam",0,90,692934,2007423,"Selva",4233,580,"no",0
"59","C3T3P21","Cap_aeg",0,90,692934,2007423,"Selva",4233,580,"no",0
"60","C3T3P21","Fel_cat",0,90,692934,2007423,"Selva",4233,580,"no",0
"61","C4T2P1","Bas_ast",0,89,695419,2009578,"Selva",3838,0,"no",0
"62","C4T2P1","Can_lat",0,89,695419,2009578,"Selva",3838,0,"no",0
"63","C4T2P1","Nas_nar",0,89,695419,2009578,"Selva",3838,0,"no",0
"64","C4T2P1","Syl_flo",3,89,695419,2009578,"Selva",3838,0,"no",3.37
"65","C4T2P1","Con_leu",1,89,695419,2009578,"Selva",3838,0,"no",1.12
"66","C4T2P1","Lin_ruf",0,89,695419,2009578,"Selva",3838,0,"no",0
"67","C4T2P1","Pro_lot",0,89,695419,2009578,"Selva",3838,0,"no",0
"68","C4T2P1","Odo_vir",0,89,695419,2009578,"Selva",3838,0,"no",0
"69","C4T2P1","Pec_taj",0,89,695419,2009578,"Selva",3838,0,"no",0
"70","C4T2P1","Spi_put",1,89,695419,2009578,"Selva",3838,0,"no",1.12
"71","C4T2P1","Mep_mac",1,89,695419,2009578,"Selva",3838,0,"no",1.12
"72","C4T2P1","Uro_cin",0,89,695419,2009578,"Selva",3838,0,"no",0
"73","C4T2P1","Can_fam",0,89,695419,2009578,"Selva",3838,0,"no",0
"74","C4T2P1","Cap_aeg",0,89,695419,2009578,"Selva",3838,0,"no",0
"75","C4T2P1","Fel_cat",0,89,695419,2009578,"Selva",3838,0,"no",0
"76","C4T2P21","Bas_ast",0,93,694603,2008988,"Pastizal",3991,0,"no",0
"77","C4T2P21","Can_lat",0,93,694603,2008988,"Pastizal",3991,0,"no",0
"78","C4T2P21","Nas_nar",0,93,694603,2008988,"Pastizal",3991,0,"no",0
"79","C4T2P21","Syl_flo",0,93,694603,2008988,"Pastizal",3991,0,"no",0
"80","C4T2P21","Con_leu",0,93,694603,2008988,"Pastizal",3991,0,"no",0
"81","C4T2P21","Lin_ruf",0,93,694603,2008988,"Pastizal",3991,0,"no",0
"82","C4T2P21","Pro_lot",0,93,694603,2008988,"Pastizal",3991,0,"no",0
"83","C4T2P21","Odo_vir",0,93,694603,2008988,"Pastizal",3991,0,"no",0
"84","C4T2P21","Pec_taj",0,93,694603,2008988,"Pastizal",3991,0,"no",0
"85","C4T2P21","Spi_put",0,93,694603,2008988,"Pastizal",3991,0,"no",0
"86","C4T2P21","Mep_mac",0,93,694603,2008988,"Pastizal",3991,0,"no",0
"87","C4T2P21","Uro_cin",1,93,694603,2008988,"Pastizal",3991,0,"no",1.08
"88","C4T2P21","Can_fam",0,93,694603,2008988,"Pastizal",3991,0,"no",0
"89","C4T2P21","Cap_aeg",0,93,694603,2008988,"Pastizal",3991,0,"no",0
"90","C4T2P21","Fel_cat",0,93,694603,2008988,"Pastizal",3991,0,"no",0
"91","CB07","Bas_ast",0,35,695110,2007581,"Pastizal",3133,0,"si",0
"92","CB07","Can_lat",0,35,695110,2007581,"Pastizal",3133,0,"si",0
"93","CB07","Nas_nar",0,35,695110,2007581,"Pastizal",3133,0,"si",0
"94","CB07","Syl_flo",0,35,695110,2007581,"Pastizal",3133,0,"si",0
"95","CB07","Con_leu",4,35,695110,2007581,"Pastizal",3133,0,"si",11.43
"96","CB07","Lin_ruf",1,35,695110,2007581,"Pastizal",3133,0,"si",2.86
"97","CB07","Pro_lot",0,35,695110,2007581,"Pastizal",3133,0,"si",0
"98","CB07","Odo_vir",17,35,695110,2007581,"Pastizal",3133,0,"si",48.57
"99","CB07","Pec_taj",1,35,695110,2007581,"Pastizal",3133,0,"si",2.86
"100","CB07","Spi_put",1,35,695110,2007581,"Pastizal",3133,0,"si",2.86
"101","CB07","Mep_mac",0,35,695110,2007581,"Pastizal",3133,0,"si",0
"102","CB07","Uro_cin",1,35,695110,2007581,"Pastizal",3133,0,"si",2.86
"103","CB07","Can_fam",0,35,695110,2007581,"Pastizal",3133,0,"si",0
"104","CB07","Cap_aeg",1,35,695110,2007581,"Pastizal",3133,0,"si",2.86
"105","CB07","Fel_cat",0,35,695110,2007581,"Pastizal",3133,0,"si",0
"106","CB14","Bas_ast",0,62,691806,2008761,"Pastizal",2223,29,"no",0
"107","CB14","Can_lat",1,62,691806,2008761,"Pastizal",2223,29,"no",1.61
"108","CB14","Nas_nar",0,62,691806,2008761,"Pastizal",2223,29,"no",0
"109","CB14","Syl_flo",23,62,691806,2008761,"Pastizal",2223,29,"no",37.1
"110","CB14","Con_leu",5,62,691806,2008761,"Pastizal",2223,29,"no",8.06
"111","CB14","Lin_ruf",2,62,691806,2008761,"Pastizal",2223,29,"no",3.23
"112","CB14","Pro_lot",0,62,691806,2008761,"Pastizal",2223,29,"no",0
"113","CB14","Odo_vir",9,62,691806,2008761,"Pastizal",2223,29,"no",14.52
"114","CB14","Pec_taj",7,62,691806,2008761,"Pastizal",2223,29,"no",11.29
"115","CB14","Spi_put",0,62,691806,2008761,"Pastizal",2223,29,"no",0
"116","CB14","Mep_mac",0,62,691806,2008761,"Pastizal",2223,29,"no",0
"117","CB14","Uro_cin",13,62,691806,2008761,"Pastizal",2223,29,"no",20.97
"118","CB14","Can_fam",0,62,691806,2008761,"Pastizal",2223,29,"no",0
"119","CB14","Cap_aeg",0,62,691806,2008761,"Pastizal",2223,29,"no",0
"120","CB14","Fel_cat",0,62,691806,2008761,"Pastizal",2223,29,"no",0
"121","CB17","Bas_ast",1,90,690914,2008926,"Agricultura",4302,360,"si",1.11
"122","CB17","Can_lat",0,90,690914,2008926,"Agricultura",4302,360,"si",0
"123","CB17","Nas_nar",0,90,690914,2008926,"Agricultura",4302,360,"si",0
"124","CB17","Syl_flo",5,90,690914,2008926,"Agricultura",4302,360,"si",5.56
"125","CB17","Con_leu",8,90,690914,2008926,"Agricultura",4302,360,"si",8.89
"126","CB17","Lin_ruf",7,90,690914,2008926,"Agricultura",4302,360,"si",7.78
"127","CB17","Pro_lot",1,90,690914,2008926,"Agricultura",4302,360,"si",1.11
"128","CB17","Odo_vir",17,90,690914,2008926,"Agricultura",4302,360,"si",18.89
"129","CB17","Pec_taj",0,90,690914,2008926,"Agricultura",4302,360,"si",0
"130","CB17","Spi_put",0,90,690914,2008926,"Agricultura",4302,360,"si",0
"131","CB17","Mep_mac",0,90,690914,2008926,"Agricultura",4302,360,"si",0
"132","CB17","Uro_cin",7,90,690914,2008926,"Agricultura",4302,360,"si",7.78
"133","CB17","Can_fam",0,90,690914,2008926,"Agricultura",4302,360,"si",0
"134","CB17","Cap_aeg",1,90,690914,2008926,"Agricultura",4302,360,"si",1.11
"135","CB17","Fel_cat",0,90,690914,2008926,"Agricultura",4302,360,"si",0
"136","CB18","Bas_ast",0,93,691396,2007831,"Pastizal",3876,228,"si",0
"137","CB18","Can_lat",0,93,691396,2007831,"Pastizal",3876,228,"si",0
"138","CB18","Nas_nar",0,93,691396,2007831,"Pastizal",3876,228,"si",0
"139","CB18","Syl_flo",0,93,691396,2007831,"Pastizal",3876,228,"si",0
"140","CB18","Con_leu",0,93,691396,2007831,"Pastizal",3876,228,"si",0
"141","CB18","Lin_ruf",1,93,691396,2007831,"Pastizal",3876,228,"si",1.08
"142","CB18","Pro_lot",0,93,691396,2007831,"Pastizal",3876,228,"si",0
"143","CB18","Odo_vir",6,93,691396,2007831,"Pastizal",3876,228,"si",6.45
"144","CB18","Pec_taj",1,93,691396,2007831,"Pastizal",3876,228,"si",1.08
"145","CB18","Spi_put",0,93,691396,2007831,"Pastizal",3876,228,"si",0
"146","CB18","Mep_mac",0,93,691396,2007831,"Pastizal",3876,228,"si",0
"147","CB18","Uro_cin",0,93,691396,2007831,"Pastizal",3876,228,"si",0
"148","CB18","Can_fam",0,93,691396,2007831,"Pastizal",3876,228,"si",0
"149","CB18","Cap_aeg",1,93,691396,2007831,"Pastizal",3876,228,"si",1.08
"150","CB18","Fel_cat",0,93,691396,2007831,"Pastizal",3876,228,"si",0
"151","CB18P14","Bas_ast",0,90,694112,2007652,"Pastizal",3876,29,"si",0
"152","CB18P14","Can_lat",0,90,694112,2007652,"Pastizal",3876,29,"si",0
"153","CB18P14","Nas_nar",0,90,694112,2007652,"Pastizal",3876,29,"si",0
"154","CB18P14","Syl_flo",7,90,694112,2007652,"Pastizal",3876,29,"si",7.78
"155","CB18P14","Con_leu",1,90,694112,2007652,"Pastizal",3876,29,"si",1.11
"156","CB18P14","Lin_ruf",0,90,694112,2007652,"Pastizal",3876,29,"si",0
"157","CB18P14","Pro_lot",0,90,694112,2007652,"Pastizal",3876,29,"si",0
"158","CB18P14","Odo_vir",4,90,694112,2007652,"Pastizal",3876,29,"si",4.44
"159","CB18P14","Pec_taj",1,90,694112,2007652,"Pastizal",3876,29,"si",1.11
"160","CB18P14","Spi_put",0,90,694112,2007652,"Pastizal",3876,29,"si",0
"161","CB18P14","Mep_mac",0,90,694112,2007652,"Pastizal",3876,29,"si",0
"162","CB18P14","Uro_cin",0,90,694112,2007652,"Pastizal",3876,29,"si",0
"163","CB18P14","Can_fam",0,90,694112,2007652,"Pastizal",3876,29,"si",0
"164","CB18P14","Cap_aeg",7,90,694112,2007652,"Pastizal",3876,29,"si",7.78
"165","CB18P14","Fel_cat",0,90,694112,2007652,"Pastizal",3876,29,"si",0
"166","CB18P15","Bas_ast",0,88,693883,2006474,"Selva",4233,580,"no",0
"167","CB18P15","Can_lat",0,88,693883,2006474,"Selva",4233,580,"no",0
"168","CB18P15","Nas_nar",0,88,693883,2006474,"Selva",4233,580,"no",0
"169","CB18P15","Syl_flo",15,88,693883,2006474,"Selva",4233,580,"no",17.05
"170","CB18P15","Con_leu",3,88,693883,2006474,"Selva",4233,580,"no",3.41
"171","CB18P15","Lin_ruf",1,88,693883,2006474,"Selva",4233,580,"no",1.14
"172","CB18P15","Pro_lot",0,88,693883,2006474,"Selva",4233,580,"no",0
"173","CB18P15","Odo_vir",6,88,693883,2006474,"Selva",4233,580,"no",6.82
"174","CB18P15","Pec_taj",0,88,693883,2006474,"Selva",4233,580,"no",0
"175","CB18P15","Spi_put",0,88,693883,2006474,"Selva",4233,580,"no",0
"176","CB18P15","Mep_mac",0,88,693883,2006474,"Selva",4233,580,"no",0
"177","CB18P15","Uro_cin",1,88,693883,2006474,"Selva",4233,580,"no",1.14
"178","CB18P15","Can_fam",0,88,693883,2006474,"Selva",4233,580,"no",0
"179","CB18P15","Cap_aeg",0,88,693883,2006474,"Selva",4233,580,"no",0
"180","CB18P15","Fel_cat",0,88,693883,2006474,"Selva",4233,580,"no",0
"181","CB18P28","Bas_ast",3,88,692534,2006654,"Selva",3855,0,"no",3.41
"182","CB18P28","Can_lat",0,88,692534,2006654,"Selva",3855,0,"no",0
"183","CB18P28","Nas_nar",0,88,692534,2006654,"Selva",3855,0,"no",0
"184","CB18P28","Syl_flo",10,88,692534,2006654,"Selva",3855,0,"no",11.36
"185","CB18P28","Con_leu",2,88,692534,2006654,"Selva",3855,0,"no",2.27
"186","CB18P28","Lin_ruf",0,88,692534,2006654,"Selva",3855,0,"no",0
"187","CB18P28","Pro_lot",0,88,692534,2006654,"Selva",3855,0,"no",0
"188","CB18P28","Odo_vir",6,88,692534,2006654,"Selva",3855,0,"no",6.82
"189","CB18P28","Pec_taj",1,88,692534,2006654,"Selva",3855,0,"no",1.14
"190","CB18P28","Spi_put",0,88,692534,2006654,"Selva",3855,0,"no",0
"191","CB18P28","Mep_mac",0,88,692534,2006654,"Selva",3855,0,"no",0
"192","CB18P28","Uro_cin",7,88,692534,2006654,"Selva",3855,0,"no",7.95
"193","CB18P28","Can_fam",0,88,692534,2006654,"Selva",3855,0,"no",0
"194","CB18P28","Cap_aeg",0,88,692534,2006654,"Selva",3855,0,"no",0
"195","CB18P28","Fel_cat",0,88,692534,2006654,"Selva",3855,0,"no",0
"196","CB18P30","Bas_ast",0,87,695790,2008315,"Agricultura",2000,10,"si",0
"197","CB18P30","Can_lat",1,87,695790,2008315,"Agricultura",2000,10,"si",1.15
"198","CB18P30","Nas_nar",0,87,695790,2008315,"Agricultura",2000,10,"si",0
"199","CB18P30","Syl_flo",1,87,695790,2008315,"Agricultura",2000,10,"si",1.15
"200","CB18P30","Con_leu",0,87,695790,2008315,"Agricultura",2000,10,"si",0
"201","CB18P30","Lin_ruf",0,87,695790,2008315,"Agricultura",2000,10,"si",0
"202","CB18P30","Pro_lot",0,87,695790,2008315,"Agricultura",2000,10,"si",0
"203","CB18P30","Odo_vir",1,87,695790,2008315,"Agricultura",2000,10,"si",1.15
"204","CB18P30","Pec_taj",0,87,695790,2008315,"Agricultura",2000,10,"si",0
"205","CB18P30","Spi_put",0,87,695790,2008315,"Agricultura",2000,10,"si",0
"206","CB18P30","Mep_mac",0,87,695790,2008315,"Agricultura",2000,10,"si",0
"207","CB18P30","Uro_cin",1,87,695790,2008315,"Agricultura",2000,10,"si",1.15
"208","CB18P30","Can_fam",0,87,695790,2008315,"Agricultura",2000,10,"si",0
"209","CB18P30","Cap_aeg",3,87,695790,2008315,"Agricultura",2000,10,"si",3.45
"210","CB18P30","Fel_cat",0,87,695790,2008315,"Agricultura",2000,10,"si",0
"211","CB18P32","Bas_ast",0,30,696367,2007499,"Agricultura",4718,671,"si",0
"212","CB18P32","Can_lat",3,30,696367,2007499,"Agricultura",4718,671,"si",10
"213","CB18P32","Nas_nar",1,30,696367,2007499,"Agricultura",4718,671,"si",3.33
"214","CB18P32","Syl_flo",18,30,696367,2007499,"Agricultura",4718,671,"si",60
"215","CB18P32","Con_leu",2,30,696367,2007499,"Agricultura",4718,671,"si",6.67
"216","CB18P32","Lin_ruf",3,30,696367,2007499,"Agricultura",4718,671,"si",10
"217","CB18P32","Pro_lot",2,30,696367,2007499,"Agricultura",4718,671,"si",6.67
"218","CB18P32","Odo_vir",4,30,696367,2007499,"Agricultura",4718,671,"si",13.33
"219","CB18P32","Pec_taj",0,30,696367,2007499,"Agricultura",4718,671,"si",0
"220","CB18P32","Spi_put",0,30,696367,2007499,"Agricultura",4718,671,"si",0
"221","CB18P32","Mep_mac",0,30,696367,2007499,"Agricultura",4718,671,"si",0
"222","CB18P32","Uro_cin",9,30,696367,2007499,"Agricultura",4718,671,"si",30
"223","CB18P32","Can_fam",6,30,696367,2007499,"Agricultura",4718,671,"si",20
"224","CB18P32","Cap_aeg",20,30,696367,2007499,"Agricultura",4718,671,"si",66.67
"225","CB18P32","Fel_cat",16,30,696367,2007499,"Agricultura",4718,671,"si",53.33
"226","CB19","Bas_ast",0,87,691546,2006699,"Selva",4655,98,"no",0
"227","CB19","Can_lat",0,87,691546,2006699,"Selva",4655,98,"no",0
"228","CB19","Nas_nar",0,87,691546,2006699,"Selva",4655,98,"no",0
"229","CB19","Syl_flo",0,87,691546,2006699,"Selva",4655,98,"no",0
"230","CB19","Con_leu",2,87,691546,2006699,"Selva",4655,98,"no",2.3
"231","CB19","Lin_ruf",0,87,691546,2006699,"Selva",4655,98,"no",0
"232","CB19","Pro_lot",4,87,691546,2006699,"Selva",4655,98,"no",4.6
"233","CB19","Odo_vir",0,87,691546,2006699,"Selva",4655,98,"no",0
"234","CB19","Pec_taj",0,87,691546,2006699,"Selva",4655,98,"no",0
"235","CB19","Spi_put",0,87,691546,2006699,"Selva",4655,98,"no",0
"236","CB19","Mep_mac",0,87,691546,2006699,"Selva",4655,98,"no",0
"237","CB19","Uro_cin",1,87,691546,2006699,"Selva",4655,98,"no",1.15
"238","CB19","Can_fam",0,87,691546,2006699,"Selva",4655,98,"no",0
"239","CB19","Cap_aeg",0,87,691546,2006699,"Selva",4655,98,"no",0
"240","CB19","Fel_cat",0,87,691546,2006699,"Selva",4655,98,"no",0
"241","CB19CH1","Bas_ast",0,92,696733,2007503,"Selva",4187,768,"si",0
"242","CB19CH1","Can_lat",0,92,696733,2007503,"Selva",4187,768,"si",0
"243","CB19CH1","Nas_nar",0,92,696733,2007503,"Selva",4187,768,"si",0
"244","CB19CH1","Syl_flo",1,92,696733,2007503,"Selva",4187,768,"si",1.09
"245","CB19CH1","Con_leu",0,92,696733,2007503,"Selva",4187,768,"si",0
"246","CB19CH1","Lin_ruf",0,92,696733,2007503,"Selva",4187,768,"si",0
"247","CB19CH1","Pro_lot",0,92,696733,2007503,"Selva",4187,768,"si",0
"248","CB19CH1","Odo_vir",0,92,696733,2007503,"Selva",4187,768,"si",0
"249","CB19CH1","Pec_taj",0,92,696733,2007503,"Selva",4187,768,"si",0
"250","CB19CH1","Spi_put",0,92,696733,2007503,"Selva",4187,768,"si",0
"251","CB19CH1","Mep_mac",0,92,696733,2007503,"Selva",4187,768,"si",0
"252","CB19CH1","Uro_cin",0,92,696733,2007503,"Selva",4187,768,"si",0
"253","CB19CH1","Can_fam",0,92,696733,2007503,"Selva",4187,768,"si",0
"254","CB19CH1","Cap_aeg",1,92,696733,2007503,"Selva",4187,768,"si",1.09
"255","CB19CH1","Fel_cat",1,92,696733,2007503,"Selva",4187,768,"si",1.09
"256","CB19CH3","Bas_ast",0,16,696089,2006806,"Selva",4233,380,"no",0
"257","CB19CH3","Can_lat",0,16,696089,2006806,"Selva",4233,380,"no",0
"258","CB19CH3","Nas_nar",0,16,696089,2006806,"Selva",4233,380,"no",0
"259","CB19CH3","Syl_flo",0,16,696089,2006806,"Selva",4233,380,"no",0
"260","CB19CH3","Con_leu",0,16,696089,2006806,"Selva",4233,380,"no",0
"261","CB19CH3","Lin_ruf",0,16,696089,2006806,"Selva",4233,380,"no",0
"262","CB19CH3","Pro_lot",0,16,696089,2006806,"Selva",4233,380,"no",0
"263","CB19CH3","Odo_vir",1,16,696089,2006806,"Selva",4233,380,"no",6.25
"264","CB19CH3","Pec_taj",0,16,696089,2006806,"Selva",4233,380,"no",0
"265","CB19CH3","Spi_put",0,16,696089,2006806,"Selva",4233,380,"no",0
"266","CB19CH3","Mep_mac",0,16,696089,2006806,"Selva",4233,380,"no",0
"267","CB19CH3","Uro_cin",0,16,696089,2006806,"Selva",4233,380,"no",0
"268","CB19CH3","Can_fam",0,16,696089,2006806,"Selva",4233,380,"no",0
"269","CB19CH3","Cap_aeg",0,16,696089,2006806,"Selva",4233,380,"no",0
"270","CB19CH3","Fel_cat",0,16,696089,2006806,"Selva",4233,380,"no",0
"271","CB19CH4","Bas_ast",0,61,695656,2009170,"Selva",3838,0,"si",0
"272","CB19CH4","Can_lat",0,61,695656,2009170,"Selva",3838,0,"si",0
"273","CB19CH4","Nas_nar",1,61,695656,2009170,"Selva",3838,0,"si",1.64
"274","CB19CH4","Syl_flo",0,61,695656,2009170,"Selva",3838,0,"si",0
"275","CB19CH4","Con_leu",0,61,695656,2009170,"Selva",3838,0,"si",0
"276","CB19CH4","Lin_ruf",0,61,695656,2009170,"Selva",3838,0,"si",0
"277","CB19CH4","Pro_lot",0,61,695656,2009170,"Selva",3838,0,"si",0
"278","CB19CH4","Odo_vir",2,61,695656,2009170,"Selva",3838,0,"si",3.28
"279","CB19CH4","Pec_taj",1,61,695656,2009170,"Selva",3838,0,"si",1.64
"280","CB19CH4","Spi_put",0,61,695656,2009170,"Selva",3838,0,"si",0
"281","CB19CH4","Mep_mac",0,61,695656,2009170,"Selva",3838,0,"si",0
"282","CB19CH4","Uro_cin",0,61,695656,2009170,"Selva",3838,0,"si",0
"283","CB19CH4","Can_fam",0,61,695656,2009170,"Selva",3838,0,"si",0
"284","CB19CH4","Cap_aeg",4,61,695656,2009170,"Selva",3838,0,"si",6.56
"285","CB19CH4","Fel_cat",0,61,695656,2009170,"Selva",3838,0,"si",0
"286","CB19CH5","Bas_ast",0,93,695632,2006975,"Pastizal",3991,0,"si",0
"287","CB19CH5","Can_lat",0,93,695632,2006975,"Pastizal",3991,0,"si",0
"288","CB19CH5","Nas_nar",0,93,695632,2006975,"Pastizal",3991,0,"si",0
"289","CB19CH5","Syl_flo",0,93,695632,2006975,"Pastizal",3991,0,"si",0
"290","CB19CH5","Con_leu",0,93,695632,2006975,"Pastizal",3991,0,"si",0
"291","CB19CH5","Lin_ruf",1,93,695632,2006975,"Pastizal",3991,0,"si",1.08
"292","CB19CH5","Pro_lot",0,93,695632,2006975,"Pastizal",3991,0,"si",0
"293","CB19CH5","Odo_vir",4,93,695632,2006975,"Pastizal",3991,0,"si",4.3
"294","CB19CH5","Pec_taj",0,93,695632,2006975,"Pastizal",3991,0,"si",0
"295","CB19CH5","Spi_put",0,93,695632,2006975,"Pastizal",3991,0,"si",0
"296","CB19CH5","Mep_mac",0,93,695632,2006975,"Pastizal",3991,0,"si",0
"297","CB19CH5","Uro_cin",0,93,695632,2006975,"Pastizal",3991,0,"si",0
"298","CB19CH5","Can_fam",0,93,695632,2006975,"Pastizal",3991,0,"si",0
"299","CB19CH5","Cap_aeg",1,93,695632,2006975,"Pastizal",3991,0,"si",1.08
"300","CB19CH5","Fel_cat",0,93,695632,2006975,"Pastizal",3991,0,"si",0
"301","CB19CH6","Bas_ast",0,73,697131,2007045,"Pastizal",3133,10,"si",0
"302","CB19CH6","Can_lat",2,73,697131,2007045,"Pastizal",3133,10,"si",2.74
"303","CB19CH6","Nas_nar",0,73,697131,2007045,"Pastizal",3133,10,"si",0
"304","CB19CH6","Syl_flo",0,73,697131,2007045,"Pastizal",3133,10,"si",0
"305","CB19CH6","Con_leu",0,73,697131,2007045,"Pastizal",3133,10,"si",0
"306","CB19CH6","Lin_ruf",0,73,697131,2007045,"Pastizal",3133,10,"si",0
"307","CB19CH6","Pro_lot",0,73,697131,2007045,"Pastizal",3133,10,"si",0
"308","CB19CH6","Odo_vir",3,73,697131,2007045,"Pastizal",3133,10,"si",4.11
"309","CB19CH6","Pec_taj",0,73,697131,2007045,"Pastizal",3133,10,"si",0
"310","CB19CH6","Spi_put",0,73,697131,2007045,"Pastizal",3133,10,"si",0
"311","CB19CH6","Mep_mac",0,73,697131,2007045,"Pastizal",3133,10,"si",0
"312","CB19CH6","Uro_cin",0,73,697131,2007045,"Pastizal",3133,10,"si",0
"313","CB19CH6","Can_fam",0,73,697131,2007045,"Pastizal",3133,10,"si",0
"314","CB19CH6","Cap_aeg",1,73,697131,2007045,"Pastizal",3133,10,"si",1.37
"315","CB19CH6","Fel_cat",0,73,697131,2007045,"Pastizal",3133,10,"si",0
"316","CB19CH7","Bas_ast",0,66,693820,2008063,"Pastizal",2223,290,"si",0
"317","CB19CH7","Can_lat",0,66,693820,2008063,"Pastizal",2223,290,"si",0
"318","CB19CH7","Nas_nar",0,66,693820,2008063,"Pastizal",2223,290,"si",0
"319","CB19CH7","Syl_flo",18,66,693820,2008063,"Pastizal",2223,290,"si",27.27
"320","CB19CH7","Con_leu",0,66,693820,2008063,"Pastizal",2223,290,"si",0
"321","CB19CH7","Lin_ruf",3,66,693820,2008063,"Pastizal",2223,290,"si",4.55
"322","CB19CH7","Pro_lot",0,66,693820,2008063,"Pastizal",2223,290,"si",0
"323","CB19CH7","Odo_vir",6,66,693820,2008063,"Pastizal",2223,290,"si",9.09
"324","CB19CH7","Pec_taj",0,66,693820,2008063,"Pastizal",2223,290,"si",0
"325","CB19CH7","Spi_put",0,66,693820,2008063,"Pastizal",2223,290,"si",0
"326","CB19CH7","Mep_mac",0,66,693820,2008063,"Pastizal",2223,290,"si",0
"327","CB19CH7","Uro_cin",0,66,693820,2008063,"Pastizal",2223,290,"si",0
"328","CB19CH7","Can_fam",0,66,693820,2008063,"Pastizal",2223,290,"si",0
"329","CB19CH7","Cap_aeg",8,66,693820,2008063,"Pastizal",2223,290,"si",12.12
"330","CB19CH7","Fel_cat",0,66,693820,2008063,"Pastizal",2223,290,"si",0
"331","CB19P2","Bas_ast",0,93,693424,2008439,"Agricultura",4302,360,"si",0
"332","CB19P2","Can_lat",0,93,693424,2008439,"Agricultura",4302,360,"si",0
"333","CB19P2","Nas_nar",0,93,693424,2008439,"Agricultura",4302,360,"si",0
"334","CB19P2","Syl_flo",8,93,693424,2008439,"Agricultura",4302,360,"si",8.6
"335","CB19P2","Con_leu",0,93,693424,2008439,"Agricultura",4302,360,"si",0
"336","CB19P2","Lin_ruf",0,93,693424,2008439,"Agricultura",4302,360,"si",0
"337","CB19P2","Pro_lot",0,93,693424,2008439,"Agricultura",4302,360,"si",0
"338","CB19P2","Odo_vir",0,93,693424,2008439,"Agricultura",4302,360,"si",0
"339","CB19P2","Pec_taj",0,93,693424,2008439,"Agricultura",4302,360,"si",0
"340","CB19P2","Spi_put",0,93,693424,2008439,"Agricultura",4302,360,"si",0
"341","CB19P2","Mep_mac",2,93,693424,2008439,"Agricultura",4302,360,"si",2.15
"342","CB19P2","Uro_cin",1,93,693424,2008439,"Agricultura",4302,360,"si",1.08
"343","CB19P2","Can_fam",0,93,693424,2008439,"Agricultura",4302,360,"si",0
"344","CB19P2","Cap_aeg",3,93,693424,2008439,"Agricultura",4302,360,"si",3.23
"345","CB19P2","Fel_cat",0,93,693424,2008439,"Agricultura",4302,360,"si",0
"346","CB21","Bas_ast",0,91,695027,2010516,"Pastizal",3876,228,"no",0
"347","CB21","Can_lat",0,91,695027,2010516,"Pastizal",3876,228,"no",0
"348","CB21","Nas_nar",1,91,695027,2010516,"Pastizal",3876,228,"no",1.1
"349","CB21","Syl_flo",3,91,695027,2010516,"Pastizal",3876,228,"no",3.3
"350","CB21","Con_leu",0,91,695027,2010516,"Pastizal",3876,228,"no",0
"351","CB21","Lin_ruf",2,91,695027,2010516,"Pastizal",3876,228,"no",2.2
"352","CB21","Pro_lot",0,91,695027,2010516,"Pastizal",3876,228,"no",0
"353","CB21","Odo_vir",24,91,695027,2010516,"Pastizal",3876,228,"no",26.37
"354","CB21","Pec_taj",0,91,695027,2010516,"Pastizal",3876,228,"no",0
"355","CB21","Spi_put",0,91,695027,2010516,"Pastizal",3876,228,"no",0
"356","CB21","Mep_mac",0,91,695027,2010516,"Pastizal",3876,228,"no",0
"357","CB21","Uro_cin",5,91,695027,2010516,"Pastizal",3876,228,"no",5.49
"358","CB21","Can_fam",0,91,695027,2010516,"Pastizal",3876,228,"no",0
"359","CB21","Cap_aeg",0,91,695027,2010516,"Pastizal",3876,228,"no",0
"360","CB21","Fel_cat",0,91,695027,2010516,"Pastizal",3876,228,"no",0
